0xf26bb01507a076c83e26d3c8d0f2eab7b77f96f2,5/5/2018,1/8/2018,10/10/2018,true
0xb42de462906eb0f6a10c7bdf5b100c5da9dc376c,5/5/2018,1/8/2018,10/10/2018,true
0x3270d07c6552d6334e485c4e8af41ce9e0c34cfd,5/5/2018,1/8/2018,10/10/2018,true
0x92fdab26ac0c7ae2a40d45b09c9f74846697c40a,5/5/2018,1/8/2018,10/10/2018,false
0xf1819ecb5e81a8f8c0f1d325c8de017caf4fd4fb,5/5/2018,1/8/2018,10/10/2018,false
0xa26cc0567e29fda3c77369791e926b4c46456fcb,5/5/2018,1/8/2018,10/10/2018,false
0x97c09f763a699a51cb947f95e602c08f7bcba202,5/5/2018,1/8/2018,10/10/2018,false
0x308a3ea530e5b160f1f7115f2ddb30cb44d8b54d,5/5/2018,1/8/2018,10/10/2018,false
0xbc1bfb5d90692854672febe76ca5379dea1015e4,5/5/2018,1/8/2018,10/10/2018,false
0x94ee9fbc9400e81a2bd9a0b9b38491c747ae1b97,5/5/2018,1/8/2018,10/10/2018,true
0x7fc77e5420e7c2cdff2dca5e0cc180da51b39683,5/5/2018,1/8/2018,10/10/2018,true