0xe16809a0f0a38b5ebca19d17c2ec210c436bfb49,1/1/2018,1/1/2018
0x11602bf3461ae147657fed182618e9ad78d832e0,1/1/2018,1/1/2018
0x64f323363d2743b7d390f220be3f1e5345c0f451,1/1/2018,1/1/2018
0x8e449bb1179fbee09b64cc685bbff44c89f2ddfe,1/1/2018,1/1/2018
0xa9b3ba79fa0887077c78c73d49a13b981e5a870f,1/1/2018,1/1/2018
0xc199b84f40532e87f925bceadcc75f0848d2a69d,1/1/2018,1/1/2018
0x2a93d93cff877d912992825769684a51c3dc03c4,1/1/2018,1/1/2018
0x7968015f89f9d9907a211b65223fa1c68da1c922,1/1/2018,1/1/2018
0xf1162b2661e77cab2ed45f6beac829d9f49e952f,1/1/2018,1/1/2018
0x08baebf157ad881cc3d7547be392e8d42de03b89,1/1/2018,1/1/2018
